ID,title,reprLat,reprLong,reprType,geonamesType,provisional
915,Kashirskii uezd,54.84444,38.16694,seat,ADM2,0
840,Tul'skoe Namestnichestvo,54.19609,37.61822,seat,ADM1,0
245,Ivanovo,,,,PPL,0
1141,Cherdynskii uezd,60.40295,56.47868,seat,ADM2,0
828,Permskoe Namestnichestvo,58.013889,56.248889,seat,ADM1,0
758,Cherdyn',60.40295,56.47868,GeoNames,PPL,0
1018,Iur'eva-Pol'skii uezd,56.50339,39.67911,seat,ADM2,0
808,Vladimerskoe Namestnichestvo,56.133333,40.416667,seat,ADM1,0
790,Iur'ev Pol'skii,56.50339,39.67911,GeoNames,PPL,0
1000,Lokhvitskii uezd,50.36776,33.26024,seat,ADM2,0
843,Chernigovskoe Namestnichestvo,51.50551,31.28488,seat,ADM1,0
388,Lokhvitsa,50.36776,33.26024,GeoNames,PPL,0
1039,Mtsenskii uezd,53.27657,36.57334,seat,ADM2,0
826,Orlovskoe Namestnichestvo,52.966667,36.066667,seat,ADM1,0
456,Mtsensk,53.27657,36.57334,GeoNames,PPL,0
824,Novogorod - Severskoe Namestnichestvo,51.983333,33.266667,seat,ADM1,0
320,Konotop,51.24032,33.20263,GeoNames,PPL,0
1093,L'govskii uezd,51.63069,35.2775,seat,ADM2,0
820,Kurskoe Namestnichestvo,51.716667,36.183333,seat,ADM1,0
394,L'gov,51.63069,35.2775,GeoNames,PPL,0
938,Orshanskii uezd,54.5081,30.4172,seat,ADM2,0
821,Mogilevskoe Namestnichestvo,53.916667,30.35,seat,ADM1,0
400,Liady,54.6,31.171,GeoNames,PPL,0
921,Kozlovskii uezd,52.8978,40.4907,seat,ADM2,0
837,Tambovskoe Namestnichestvo,52.716667,41.433333,seat,ADM1,0
663,Steshki,53.11193,41.2188,GeoNames,PPL,0
858,Kaluzhskii uezd,54.533333,36.266667,seat,ADM2,0
817,Kaluzhskoe Namestnichestvo,54.533333,36.266667,seat,ADM1,0
691,Tikhonova,54.63884,36.15534,GeoNames,PPL,0
1108,Slobodskii uezd,58.73222,50.17722,seat,ADM2,0
812,Viatskoe Namestnichestvo,58.6,49.65,seat,ADM1,0
637,Slobodskoi,58.73222,50.17722,GeoNames,PPL,0
905,Dmitrovskii uezd,56.34485,37.52041,seat,ADM2,0
806,Moskovskaia Guberniia,55.751667,37.617778,seat,ADM1,0
314,Kokvino,55.73197,36.30506,GeoNames,PPL,0
944,Poshekhonskii uezd,58.49928,39.13531,seat,ADM2,0
844,Iaroslavskoe Namestnichestvo,57.616667,39.85,seat,ADM1,0
557,Poshekhon',58.49928,39.13531,GeoNames,PPL,0
976,Gdovskii uezd,58.74424,27.81977,seat,ADM2,0
830,Pskovskoe Namestnichestvo,57.816667,28.333333,seat,ADM1,0
148,Gdov,58.74424,27.81977,GeoNames,PPL,0
936,Novosil'skii uezd,52.97387,37.04048,seat,ADM2,0
475,Novosil',52.97387,37.04048,GeoNames,PPL,0
523,Perm',58.01046,56.25017,GeoNames,PPL,0
1015,Borovskii uezd,55.20639,36.48611,seat,ADM2,0
70,Borovsk,55.20639,36.48611,GeoNames,PPL,0
311,Kozlov,52.8978,40.4907,GeoNames,PPL,0
809,Vologodskoe Namestnichestvo,59.2239,39.88398,seat,ADM1,0
211,Egor'evskoe Zadnee,59.77057,39.68925,GeoNames,PPL,0
1107,Staritskii uezd,56.50752,34.93544,seat,ADM2,0
838,Tverskoe Namestnichestvo,56.857828,35.921928,seat,ADM1,0
658,Staritsa,56.50752,34.93544,GeoNames,PPL,0
901,Volokolamskii uezd,56.03361,35.96944,seat,ADM2,0
266,Iosifov,,,,PPL,0
886,Alatyr'skii uezd,54.8421,46.5813,seat,ADM2,0
835,Sinbirskoe Namestnichestvo,54.316667,48.366667,seat,ADM1,0
606,Sarbaevo,55.05685,45.863,GeoNames,PPL,0
8,Alatyr',54.8421,46.5813,GeoNames,PPL,0
939,Ostrovskii uezd,57.34395,28.35368,seat,ADM2,0
507,Ostrov,57.34395,28.35368,GeoNames,PPL,0
18,Apicherskaia,,,,PPL,0
813,Ekaterinoslavskoe Namestnichestvo,48.466601,35.018155,seat,ADM1,0
270,Kaliberda,48.96564,33.70805,GeoNames,PPL,0
1122,Maloarkhangel'skii uezd,52.40024,36.50332,seat,ADM2,0
407,Maloi Arkhangel'sk,52.40024,36.50332,GeoNames,PPL,0
904,Dinaburgskii uezd,55.88333,26.53333,seat,ADM2,0
829,Polotskoe Namestnichestvo,55.4879,28.7856,seat,ADM1,0
590,Rushona,56.16667,26.88333,GeoNames,PPL,0
876,Sinbirskii uezd,54.316667,48.366667,seat,ADM2,0
141,Viazovna,,,,PPL,0
883,Khar'kovskii uezd,50.0,36.229167,seat,ADM2,0
842,Khar'kovskoe Namestnichestvo,50.0,36.229167,seat,ADM1,0
244,Ivanovka,49.86667,35.33333,GeoNames,PPL,0
859,Kievskii uezd,50.45,30.523333,seat,ADM2,0
818,Kievskoe Namestnichestvo,50.45,30.523333,seat,ADM1,0
443,Moromsk,51.08463,30.87838,GeoNames,PPL,0
930,Mirgorodskii uezd,49.96854,33.60886,seat,ADM2,0
503,Ostap'e,49.54487,33.76977,GeoNames,PPL,0
945,Prilutskii uezd,50.59323,32.38761,seat,ADM2,0
368,Ladinskoi,,,,PPL,0
935,Nizhelomovskii uezd,53.53041,43.67663,seat,ADM2,0
827,Penzenskoe Namestnichestvo,53.2,45.0,seat,ADM1,0
56,Bogoroditskoi Kazanskoi,,,,PPL,0
1007,Derptskii uezd,58.38062,26.72509,seat,ADM2,0
832,Rizhskoe Namestnichestvo,56.9475,24.106944,seat,ADM1,0
189,Derpt,58.38062,26.72509,GeoNames,PPL,0
958,Cherikovskii uezd,53.5689,31.3831,seat,ADM2,0
761,Cherikov,53.5689,31.3831,GeoNames,PPL,0
431,Mitiakinskaia,48.6104,39.7831,GeoNames,PPL,0
957,Cheliabinskii uezd,55.15402,61.42915,seat,ADM2,0
841,Ufimskoe Namestnichestvo,54.733333,55.966667,seat,ADM1,0
447,Mostovskoe,56.54404,57.02846,GeoNames,PPL,0
201,Dubovoe,,,,PPL,0
472,Novoi Oskol,50.7633,37.86402,GeoNames,PPL,0
909,Zaraiskii uezd,54.7605,38.87841,seat,ADM2,0
833,Riazanskoe Namestnichestvo,54.616667,39.716667,seat,ADM1,0
231,Zaraisk,54.7605,38.87841,GeoNames,PPL,0
884,Chernigovskii uezd,51.50551,31.28488,seat,ADM2,0
195,Domnitskoi,,,,PPL,0
334,Koshira,54.84444,38.16694,GeoNames,PPL,0
988,Kozeletskii uezd,50.91334,31.1214,seat,ADM2,0
543,Podvorgal'skoe,,,,PPL,0
893,Belitskii uezd,52.9395,30.4122,seat,ADM2,0
139,Vetka,52.6738,30.6303,GeoNames,PPL,0
554,Potok,49.77022,31.04966,GeoNames,PPL,0
1139,Chausskii uezd,53.8098,30.9717,seat,ADM2,0
755,Chausy,53.8098,30.9717,GeoNames,PPL,0
891,Bezhetskii uezd,57.78506,36.69651,seat,ADM2,0
441,Molokovo,,,,PPL,0
1068,Fatezhskii uezd,52.0891,35.8632,seat,ADM2,0
728,Fatezh,52.0891,35.8632,GeoNames,PPL,0
1110,Turinskii uezd,58.04575,63.69605,seat,ADM2,0
839,Tobol'skoe Namestnichestvo,58.195278,68.258056,seat,ADM1,0
707,Turinsk,58.04575,63.69605,GeoNames,PPL,0
448,Motsyna,53.8712,25.6957,GeoNames,PPL,0
1120,Zen'kovskii uezd,50.20806,34.36376,seat,ADM2,0
236,Zinkov,50.20806,34.36376,GeoNames,PPL,0
153,Glinsk,48.95619,32.89946,GeoNames,PPL,0
634,Siniavki,,,,PPL,0
807,Arkhangel'skoe Namestnichestvo,64.533333,40.533333,seat,ADM1,0
46,Blagoveshchenskoi Prikhod,,,,PPL,0
889,Akhtyrskii uezd,50.31036,34.89879,seat,ADM2,0
28,Akhtyrka,50.31036,34.89879,GeoNames,PPL,0
1066,Ust'-Sysol'skii uezd,61.67642,50.80994,seat,ADM2,0
722,Ust'-Sysol'sk,61.67642,50.80994,GeoNames,PPL,0
411,Markushevskaia,,,,PPL,0
985,Zemlianskii uezd,51.9041,38.7334,seat,ADM2,0
810,Voronezhskoe Namestnichestvo,51.671667,39.210556,seat,ADM1,0
235,Zemliansk,51.9041,38.7334,GeoNames,PPL,0
249,Ivanovskoe,,,,PPL,0
864,Novogorodskii uezd,58.52131,31.27104,seat,ADM2,0
823,Novogorodskoe Namestnichestvo,58.52131,31.27104,seat,ADM1,0
77,Buretskoi,,,,PPL,0
1061,Sevskii uezd,52.1491,34.4926,seat,ADM2,0
674,Sevsk,52.1491,34.4926,GeoNames,PPL,0
1111,Bogatenskii uezd,50.97632,36.02332,seat,ADM2,0
51,Bogatyi,50.97632,36.02332,GeoNames,PPL,0
349,Kreslavl',,,,PPL,0
928,Liubimskii uezd,58.3625,40.68433,seat,ADM2,0
398,Liubim,58.3625,40.68433,GeoNames,PPL,0
430,Mirotino,54.63291,37.70476,GeoNames,PPL,0
316,Koliupanovka,,,,PPL,0
927,Liubenskii uezd,50.01625,32.99694,seat,ADM2,0
325,Korovai,50.15553,32.34731,GeoNames,PPL,0
530,Petrovskoe,,,,PPL,0
916,Kerenskii uezd,53.69157,43.05744,seat,ADM2,0
708,Turki,,,,PPL,0
1051,Ryl'skii uezd,51.5655,34.6822,seat,ADM2,0
594,Ryl'sk,51.5655,34.6822,GeoNames,PPL,0
652,Srebnoe,50.66384,32.91867,GeoNames,PPL,0
397,Liubech',51.7026,30.65692,GeoNames,PPL,0
702,Troitskoi,,,,PPL,0
264,Ichna,,,,PPL,0
881,Tul'skii uezd,54.19609,37.61822,seat,ADM2,0
105,Venevskoi Nikolaevskoi,,,,PPL,0
937,Nezhinskii uezd,51.04801,31.88688,seat,ADM2,0
473,Novye Mliny,,,,PPL,0
949,Saranskii uezd,54.1838,45.1749,seat,ADM2,0
26,Atemar,54.18097,45.40909,GeoNames,PPL,0
956,Temnikovskii uezd,54.63023,43.21483,seat,ADM2,0
7,Aksel',,,,PPL,0
906,Donkovskii uezd,53.25155,39.15553,seat,ADM2,0
23,Arkhangel'skoe,,,,PPL,0
931,Miropol'skii uezd,51.023,35.26233,seat,ADM2,0
429,Miropol'e,51.023,35.26233,GeoNames,PPL,0
1109,Iaranskii uezd,57.30331,47.88611,seat,ADM2,0
800,Iaransk,57.30331,47.88611,GeoNames,PPL,0
598,Riazan',54.6269,39.6916,GeoNames,PPL,0
1006,Sapozhkovskii uezd,53.94194,40.68056,seat,ADM2,0
474,Novonikol'skoe,,,,PPL,0
743,Khorol,49.78367,33.27833,GeoNames,PPL,0
705,Tula,54.19609,37.61822,GeoNames,PPL,0
896,Valuiskii uezd,50.2035,38.1067,seat,ADM2,0
90,Belokurina,,,,PPL,0
203,Dubrovki,54.39578,43.54228,GeoNames,PPL,0
1125,Mglinskii uezd,53.05907,32.84753,seat,ADM2,0
419,Mglin,53.05907,32.84753,GeoNames,PPL,0
903,Gorokhovetskii uezd,56.20152,42.69351,seat,ADM2,0
308,Kozhino,,,,PPL,0
247,Ivanovskoe,,,,PPL,0
888,Arzamaskii uezd,55.39485,43.83992,seat,ADM2,0
822,Nizhegorodskoe Namestnichestvo,56.32867,44.00205,seat,ADM1,0
20,Arzamas,55.39485,43.83992,GeoNames,PPL,0
849,Vladimerskii uezd,56.133333,40.416667,seat,ADM2,0
731,Florovo,,,,PPL,0
917,Kineshemskii uezd,57.43914,42.12894,seat,ADM2,0
819,Kostromskoe Namestnichestvo,57.766667,40.933333,seat,ADM1,0
289,Kineshma,57.43914,42.12894,GeoNames,PPL,0
966,Borznianskii uezd,51.25464,32.4269,seat,ADM2,0
62,Borzna,51.25464,32.4269,GeoNames,PPL,0
996,Laishevskii uezd,55.40464,49.55037,seat,ADM2,0
816,Kazanskoe Namestnichestvo,55.790833,49.114444,seat,ADM1,0
371,Laishev,55.40464,49.55037,GeoNames,PPL,0
173,Grebenishki,,,,PPL,0
627,Seredina Buda,52.18903,34.03639,GeoNames,PPL,0
802,Iareski,,,,PPL,0
1560,Poltavskii uezd,49.59373,34.54073,seat,ADM2,0
748,Tsarichenka,48.93697,34.4786,GeoNames,PPL,0
960,Chukhlomskii uezd,58.75375,42.68318,seat,ADM2,0
41,Berezovtsa,,,,PPL,0
1004,Lebedinskii uezd,50.58518,34.4849,seat,ADM2,0
433,Mikhailovka,49.22603,35.96695,GeoNames,PPL,0
476,Nosovichi,52.2792,31.2675,GeoNames,PPL,0
982,Zhiganskii uezd,66.76601,123.37418,seat,ADM2,0
814,Irkutskoe Namestnichestvo,52.29778,104.29639,seat,ADM1,0
225,Zhigansk,66.76601,123.37418,GeoNames,PPL,0
222,Eremeevka,,,,PPL,0
48,Bobrovskoe,57.50211,64.16392,GeoNames,PPL,0
344,Krasnopol',,,,PPL,0
1083,Valkovskii uezd,49.83597,35.61223,seat,ADM2,0
95,Valki,49.83597,35.61223,GeoNames,PPL,0
1042,Odoevskii uezd,53.93933,36.68639,seat,ADM2,0
484,Odoev,53.93933,36.68639,GeoNames,PPL,0
589,Ruza,55.69898,36.19522,GeoNames,PPL,0
167,Gorodishche,,,,PPL,0
483,Odintsovo,,,,PPL,0
100,Veidelevka,50.1521,38.4492,GeoNames,PPL,0
955,Suzdal'skii uezd,56.42274,40.44668,seat,ADM2,0
143,Gavrilova,55.94667,38.58917,GeoNames,PPL,0
734,Khar'kov,49.98081,36.25272,GeoNames,PPL,0
669,Suzdal',56.42274,40.44668,GeoNames,PPL,0
973,Ves'egonskii uezd,58.66398,37.2604,seat,ADM2,0
110,Vesiegonsk,58.66398,37.2604,GeoNames,PPL,0
894,Belogorodskii uezd,50.61074,36.58015,seat,ADM2,0
84,Belgorod,50.61074,36.58015,GeoNames,PPL,0
80,Bushnrvo,,,,PPL,0
1014,Efremovskii uezd,53.14806,38.09924,seat,ADM2,0
224,Efremov,53.14806,38.09924,GeoNames,PPL,0
654,Stalerovchizna,,,,PPL,0
176,Gritchino,54.60417,38.10556,GeoNames,PPL,0
415,Machukha,49.52133,34.42964,GeoNames,PPL,0
895,Belozersk gorod,60.0288,37.8084,seat,ADM2,0
88,Belozerskoi Kirilov,,,,PPL,0
412,Maslenskaia,,,,PPL,0
887,Aleksinskii uezd,54.50503,37.0674,seat,ADM2,0
463,Naspishchi,54.68937,37.39369,GeoNames,PPL,0
850,Vologodskii uezd,59.2239,39.88398,seat,ADM2,0
675,Siamskoi,59.69274,39.2162,GeoNames,PPL,0
499,Orlik,,,,PPL,0
284,Kerensk,53.69157,43.05744,GeoNames,PPL,0
912,Iziumskii uezd,49.20875,37.24848,seat,ADM2,0
380,Liman',,,,PPL,0
528,Petrovskaia,46.82554,36.89309,GeoNames,PPL,0
568,Putiatino,,,,PPL,0
58,Bogoiavlenskaia,,,,PPL,0
953,Starobykhovskii uezd,53.521,30.2454,seat,ADM2,0
228,Zhuravichi,53.2319,30.5863,GeoNames,PPL,0
218,Eniseisk,58.44937,92.17968,GeoNames,PPL,0
804,Iash,,,,PPL,0
925,Lebedianskii uezd,53.01942,39.16639,seat,ADM2,0
376,Lebedian',53.01942,39.16639,GeoNames,PPL,0
1057,Serpukhovskii uezd,54.91578,37.41114,seat,ADM2,0
629,Serpukhov,54.91578,37.41114,GeoNames,PPL,0
910,Zvenigorodskii uezd,55.73402,36.85918,seat,ADM2,0
701,Troitskoe,56.2,36.71667,GeoNames,PPL,0
900,Verkhneudinskii uezd,51.833333,107.6,seat,ADM2,0
108,Verkhnii Udinsk,51.82721,107.60627,GeoNames,PPL,0
186,Demshinsk,52.11306,40.32167,GeoNames,PPL,0
230,Zamosh'e,60.0693,39.5481,GeoNames,PPL,0
276,Karlovka,47.487985,35.912892,GeoNames,PPL,0
987,Kovrovskii uezd,56.35722,41.31917,seat,ADM2,0
305,Kovrov,56.35722,41.31917,GeoNames,PPL,0
811,Vyborgskoe Namestnichestvo,60.709167,28.744167,seat,ADM1,0
622,Serdobol',61.69459,30.67434,GeoNames,PPL,0
1127,Pereslavl'-Zalesskii uezd,56.73934,38.85626,seat,ADM2,0
521,Pereslavl' Zaleskoi,56.73934,38.85626,GeoNames,PPL,0
885,Iaroslavskii uezd,57.616667,39.85,seat,ADM2,0
352,Krivtso,,,,PPL,0
942,Piriatinskii uezd,50.24242,32.50621,seat,ADM2,0
81,Bykov,50.6006,31.67231,GeoNames,PPL,0
920,Kozel'skii uezd,54.03746,35.77159,seat,ADM2,0
726,Uteshev,,,,PPL,0
13,Alekseevskaia,48.90081,35.92866,GeoNames,PPL,0
572,Ramen'e,56.56667,37.21667,GeoNames,PPL,0
695,Torzhok,57.0436,34.96221,GeoNames,PPL,0
723,Ustiug Velikii,60.76186,46.31352,GeoNames,PPL,0
803,Iaroslavl',57.62987,39.87368,GeoNames,PPL,0
342,Krasnokamenskoi,,,,PPL,0
157,Glebovo,58.00519,38.44731,GeoNames,PPL,0
919,Klimovitskii uezd,53.6079,31.9586,seat,ADM2,0
785,Shumiachi,53.85833,32.42417,GeoNames,PPL,0
836,Smolenskoe Namestnichestvo,54.782778,32.045278,seat,ADM1,0
639,Smolensk,54.782778,32.045278,GeoNames,PPL,0
825,Olonetskoe Namestnichestvo,61.783333,34.35,seat,ADM1,0
490,Olonets,60.98475,32.96976,GeoNames,PPL,0
922,Kolomenskii uezd,55.07944,38.77833,seat,ADM2,0
210,Dedinovo,55.05594,39.127,GeoNames,PPL,0
756,Cheliabinsk,55.15402,61.42915,GeoNames,PPL,0
331,Kotel'va,50.06864,34.75862,GeoNames,PPL,0
423,Merekhva,,,,PPL,0
648,Spas,59.279444,40.713333,GeoNames,PPL,0
1136,Khoperskii uezd,51.0969,41.6252,seat,ADM2,0
834,Saratovskoe Namestnichestvo,51.533333,46.0,seat,ADM1,0
742,Khopersk,51.0969,41.6252,GeoNames,PPL,0
791,Iur'evets Povolgskii,57.32007,43.1041,GeoNames,PPL,0
765,Cherioostrozhskoi Nikolaevskoi,,,,PPL,0
1096,Usmanskii uezd,52.04662,39.7288,seat,ADM2,0
718,Usman',52.04662,39.7288,GeoNames,PPL,0
158,Gnil'skoi,,,,PPL,0
963,Iarenskii uezd,62.16755,49.09162,seat,ADM2,0
382,Lipovskoe,,,,PPL,0
532,Petropavlovskoi,47.21614,38.37034,GeoNames,PPL,0
271,Kalinkino,56.71667,37.73333,GeoNames,PPL,0
632,Sinbirsk,54.316667,48.366667,GeoNames,PPL,0
489,Olishevka,,,,PPL,0
1032,Makar'evskii uezd,57.88501,43.8049,seat,ADM2,0
405,Makar'ev,57.88501,43.8049,GeoNames,PPL,0
1026,Insarskii uezd,53.86531,44.37382,seat,ADM2,0
258,Insara,53.86531,44.37382,GeoNames,PPL,0
318,Komlichki,,,,PPL,0
1005,Ekaterinburgskii uezd,56.8519,60.6122,seat,ADM2,0
465,Nel'ianskoi,,,,PPL,0
34,Batrak,,,,PPL,0
260,Irkutsk,52.29778,104.29639,GeoNames,PPL,0
117,Volokolamsk,56.03361,35.96944,GeoNames,PPL,0
1090,Romanovskii uezd,57.88529,39.5406,seat,ADM2,0
583,Romanov,57.88529,39.5406,GeoNames,PPL,0
300,Klin,56.33333,36.73333,GeoNames,PPL,0
784,Shulginsk,,,,PPL,0
1101,Balakhninskii uezd,56.48989,43.60114,seat,ADM2,0
31,Balakhna,56.48989,43.60114,GeoNames,PPL,0
1001,Makar'evskii uezd,56.08367,45.06291,seat,ADM2,0
404,Makar'ev,56.08367,45.06291,GeoNames,PPL,0
377,Levkiev,,,,PPL,0
924,Krasnoslobodskii uezd,54.4253,43.78963,seat,ADM2,0
346,Krasnoslobodsk,54.4253,43.78963,GeoNames,PPL,0
92,Belotserkovka,,,,PPL,0
1135,Fridrikhsgamskii uezd,60.56974,27.19794,seat,ADM2,0
732,Fridrikhsgam,60.56974,27.19794,GeoNames,PPL,0
631,Simeonovka,,,,PPL,0
1103,Trubchevskii uezd,52.5798,33.7644,seat,ADM2,0
703,Trubchevsk,52.5798,33.7644,GeoNames,PPL,0
417,Maiaki,48.946,37.62433,GeoNames,PPL,0
709,Tukhi,,,,PPL,0
1021,Sumskii uezd,50.9216,34.80029,seat,ADM2,0
671,Sumy,50.9216,34.80029,GeoNames,PPL,0
1130,Rzhevskii uezd,56.26241,34.32817,seat,ADM2,0
576,Rzhev Volodimerov,56.26241,34.32817,GeoNames,PPL,0
582,Rolovskoe,59.7509,39.097,GeoNames,PPL,0
961,Shatskii uezd,54.02576,41.71191,seat,ADM2,0
497,Opushka,52.60643,41.48117,GeoNames,PPL,0
5,Avramiev,,,,PPL,0
969,Brianskii uezd,53.25209,34.37167,seat,ADM2,0
75,Briansk,53.25209,34.37167,GeoNames,PPL,0
1011,Bogorodskii uezd,55.85,38.45,seat,ADM2,0
510,Pavlovo,,,,PPL,0
315,Kolomna,55.07944,38.77833,GeoNames,PPL,0
740,Kholm U Spasa,,,,PPL,0
733,Khalch',,,,PPL,0
542,Pogromtsa,,,,PPL,0
256,Il'inskoe,54.12003,37.22165,GeoNames,PPL,0
620,Senkova,49.88974,35.1886,GeoNames,PPL,0
946,Rogachevskii uezd,53.0934,30.0495,seat,ADM2,0
277,Karm,,,,PPL,0
562,Propoisk,53.4429,31.0014,GeoNames,PPL,0
641,Sokol,,,,PPL,0
1008,Karachevskii uezd,53.12292,34.98517,seat,ADM2,0
485,Odrin Nikolaevskoi,,,,PPL,0
1559,Liubenskii uezd,50.01625,32.99694,seat,ADM2,0
577,Rzhitsa,,,,PPL,0
870,Polotskii uezd,55.4879,28.7856,seat,ADM2,0
559,Preli,56.29444,26.72459,GeoNames,PPL,0
759,Cherenchitskoi,,,,PPL,0
555,Pochinki,,,,PPL,0
234,Zvenigorod,55.73402,36.85918,GeoNames,PPL,0
581,Rozhestvenskoe,53.668498,36.975171,GeoNames,PPL,0
625,Serega,62.32714,50.69246,GeoNames,PPL,0
500,Orlov,,,,PPL,0
993,Krasnokutskii uezd,50.06602,35.16275,seat,ADM2,0
343,Krasnokutsk,50.06602,35.16275,GeoNames,PPL,0
911,Zubtsovskii uezd,56.17534,34.58935,seat,ADM2,0
684,Tereshkovo,,,,PPL,0
644,Sol'tso,,,,PPL,0
965,Bogodukhovskii uezd,50.16466,35.52765,seat,ADM2,0
53,Bogodukhov,50.16466,35.52765,GeoNames,PPL,0
941,Petrovskii uezd,57.01039,39.26928,seat,ADM2,0
526,Petrovsk,57.01039,39.26928,GeoNames,PPL,0
871,Pskovskii uezd,57.816667,28.333333,seat,ADM2,0
200,Dubkov,,,,PPL,0
977,Goltvianskii uezd,49.4202,33.85422,seat,ADM2,0
160,Goltva,49.4202,33.85422,GeoNames,PPL,0
138,Vetka,,,,PPL,0
605,Saratov,51.533333,46.0,GeoNames,PPL,0
328,Korsun',54.19941,46.9827,GeoNames,PPL,0
182,Daimino,,,,PPL,0
191,Dmitrov,56.34485,37.52041,GeoNames,PPL,0
436,Mikhailovskoi,,,,PPL,0
190,Dinaburg,55.88333,26.53333,GeoNames,PPL,0
608,Svatova Luchka,49.351971,38.063939,GeoNames,PPL,0
914,Kashinskii uezd,57.35917,37.60806,seat,ADM2,0
288,Kimry,56.86667,37.35,GeoNames,PPL,0
454,Murikovo,55.99461,35.37,GeoNames,PPL,0
1114,Berezinskii uezd,51.5716,31.78456,seat,ADM2,0
38,Berezin,51.5716,31.78456,GeoNames,PPL,0
779,Sheshkeev,54.19005,44.75599,GeoNames,PPL,0
193,Dmitrovskaia,,,,PPL,0
223,Eske,,,,PPL,0
120,Volch'ia,,,,PPL,0
1058,Sol'vychegodskii uezd,61.33046,46.91559,seat,ADM2,0
642,Sol'-Vychegodsk,61.33046,46.91559,GeoNames,PPL,0
967,Borisoglebskii uezd,51.36713,42.08494,seat,ADM2,0
64,Borisoglebsk,57.866991,39.525119,GeoNames,PPL,0
362,Kumzerskaia,60.1367,39.6615,GeoNames,PPL,0
85,Beliki,,,,PPL,0
261,Isa,48.6,48.3,GeoNames,PPL,0
610,Svinskoi,,,,PPL,0
1003,Vytegorskii uezd,61.00636,36.44811,seat,ADM2,0
133,Vytegra,61.00636,36.44811,GeoNames,PPL,0
866,Olonetskii uezd,61.783333,34.35,seat,ADM2,0
611,Svirskoi Aleksandrovskoi,,,,PPL,0
10,Aleksandrovskoe,53.40241,43.10415,GeoNames,PPL,0
715,Unkosova,54.24896,41.55542,GeoNames,PPL,0
971,Velizhskii uezd,55.60564,31.19673,seat,ADM2,0
101,Velizh,55.60564,31.19673,GeoNames,PPL,0
1049,Putivl'skii uezd,51.33745,33.87066,seat,ADM2,0
567,Putivl',51.33745,33.87066,GeoNames,PPL,0
1116,Vyshnevolotskii uezd,57.59125,34.56453,seat,ADM2,0
137,Vyshnii Volochok,57.59125,34.56453,GeoNames,PPL,0
516,Penza,53.20066,45.00464,GeoNames,PPL,0
126,Vorontsovka,52.45956,41.41571,GeoNames,PPL,0
514,Pafnut'ev,,,,PPL,0
359,Kubenskoe,59.43387,39.66913,GeoNames,PPL,0
131,Vysokoe,,,,PPL,0
492,Olyshanaia,,,,PPL,0
954,Starodubovskii uezd,52.2405,33.67942,seat,ADM2,0
659,Starodub,52.58444,32.76333,GeoNames,PPL,0
943,Polotavskii uezd,49.59373,34.54073,seat,ADM2,0
550,Poltava,49.59373,34.54073,GeoNames,PPL,0
383,Liptsy,,,,PPL,0
607,Sasovo,,,,PPL,0
846,St Peterburgskaia Guberniia,59.93863,30.31413,seat,ADM1,0
461,Narva,59.37722,28.19028,GeoNames,PPL,0
923,Karochenskii uezd,50.8132,37.18598,seat,ADM2,0
278,Karocha,50.8132,37.18598,GeoNames,PPL,0
103,Venden,57.31188,25.27456,GeoNames,PPL,0
860,Kostromskii uezd,57.766667,40.933333,seat,ADM2,0
340,Krasnoe,,,,PPL,0
149,Gennadiev,,,,PPL,0
574,Ratsburg,,,,PPL,0
549,Polotsk,55.4879,28.7856,GeoNames,PPL,0
1016,Opochetskii uezd,56.71048,28.66174,seat,ADM2,0
613,Sviatogorskoi,56.96487,28.892161,GeoNames,PPL,0
428,Mirgorod,49.96854,33.60886,GeoNames,PPL,0
1133,Starooskol'skii uezd,51.29667,37.84167,seat,ADM2,0
661,Staroi Oskol,51.29667,37.84167,GeoNames,PPL,0
940,Pereiaslavskii uezd,50.08768,31.4795,seat,ADM2,0
67,Borispol',50.35269,30.95501,GeoNames,PPL,0
892,Belevskii uezd,53.81194,36.13194,seat,ADM2,0
174,Gremiachev,54.13149,38.6607,GeoNames,PPL,0
312,Kozlovka,,,,PPL,0
778,Shatsk,54.02576,41.71191,GeoNames,PPL,0
52,Bogachka,,,,PPL,0
162,Gomlia,,,,PPL,0
395,Levye Lamki,,,,PPL,0
706,Turetskaia,,,,PPL,0
918,Kirenskii uezd,57.78528,108.11194,seat,ADM2,0
290,Kirensk,57.78528,108.11194,GeoNames,PPL,0
1117,Gabzal'skii uezd,58.94306,23.54139,seat,ADM2,0
831,Revel'skoe Namestnichestvo,59.437222,24.745278,seat,ADM1,0
142,Gabzal',58.94306,23.54139,GeoNames,PPL,0
601,Samara,53.20007,50.15,GeoNames,PPL,0
616,Sednev,51.64472,31.56496,GeoNames,PPL,0
15,Anaevo,54.2354,42.5668,GeoNames,PPL,0
1082,Pavlogradskii uezd,48.53426,35.87098,seat,ADM2,0
511,Pavlograd,48.53426,35.87098,GeoNames,PPL,0
326,Korop,51.56638,32.95861,GeoNames,PPL,0
952,Sosnitskii uezd,51.52387,32.49985,seat,ADM2,0
238,Zmetnev,51.5804,32.72819,GeoNames,PPL,0
1022,Lukhovskii uezd,57.01242,42.25838,seat,ADM2,0
692,Tikhonova,,,,PPL,0
1112,Borovichskii uezd,58.38333,33.91667,seat,ADM2,0
69,Borovichi,58.38333,33.91667,GeoNames,PPL,0
1091,Dukhovshchinskii uezd,55.1919,32.4111,seat,ADM2,0
207,Dukhovshchina,55.1919,32.4111,GeoNames,PPL,0
647,Spas,55.75579,32.9796,GeoNames,PPL,0
1023,Tsarevosanchurskii uezd,56.94125,47.24987,seat,ADM2,0
697,Tresviatskoe,57.45516,45.78522,GeoNames,PPL,0
1085,Vil'manstrandskii uezd,61.048829,28.231957,seat,ADM2,0
111,Vil'manstrand,61.048829,28.231957,GeoNames,PPL,0
902,Gadiatskii uezd,50.37112,33.99099,seat,ADM2,0
496,Oposhnoe,,,,PPL,0
1048,Plesskii uezd,57.45862,41.51579,seat,ADM2,0
537,Ples,57.45862,41.51579,GeoNames,PPL,0
432,Mikhailov,54.2298,39.0269,GeoNames,PPL,0
420,Megra,,,,PPL,0
781,Shishaki,,,,PPL,0
780,Shipino,,,,PPL,0
161,Gomel',52.4345,30.9754,GeoNames,PPL,0
662,Startsov Ugol,,,,PPL,0
121,Volyntsy,55.709,28.1864,GeoNames,PPL,0
529,Petrovskaia,,,,PPL,0
470,Novoezerskoi Kirilov,,,,PPL,0
1030,Irbitskii uezd,57.67052,63.071,seat,ADM2,0
259,Irbit,57.67052,63.071,GeoNames,PPL,0
172,Goroshin,49.6548,32.73911,GeoNames,PPL,0
205,Dukshtilag,,,,PPL,0
995,Kuznetskii uezd,53.11675,46.60037,seat,ADM2,0
361,Kuznetsk,53.11675,46.60037,GeoNames,PPL,0
16,Andreevka,49.53601,36.6196,GeoNames,PPL,0
602,Samborskoi,,,,PPL,0
874,Riazanskii uezd,54.616667,39.716667,seat,ADM2,0
295,Kistrusa,,,,PPL,0
1009,Korotoiakskii uezd,50.98665,39.17677,seat,ADM2,0
327,Korotoiak,50.98665,39.17677,GeoNames,PPL,0
457,Mshaga,,,,PPL,0
1105,Skopinskii uezd,53.82486,39.55053,seat,ADM2,0
635,Skopin,53.82486,39.55053,GeoNames,PPL,0
1050,Rybinskii uezd,58.0446,38.84259,seat,ADM2,0
591,Rybinsk,58.0446,38.84259,GeoNames,PPL,0
43,Berniki,,,,PPL,0
515,Pena,,,,PPL,0
154,Glinsk,50.61868,33.3198,GeoNames,PPL,0
948,Ruzskii uezd,55.69898,36.19522,seat,ADM2,0
685,Teriaevo,,,,PPL,0
724,Ustiuzhna Zhelezopol'skaia,58.8394,36.4321,GeoNames,PPL,0
1121,Kirillovskii uezd,59.86299,38.38128,seat,ADM2,0
291,Kirilov,59.86299,38.38128,GeoNames,PPL,0
1113,Valdaiskii uezd,57.97472,33.2525,seat,ADM2,0
94,Valdai,57.97472,33.2525,GeoNames,PPL,0
132,Vysokoe,,,,PPL,0
364,Kupenka,,,,PPL,0
240,Zolochev,50.27985,35.98178,GeoNames,PPL,0
97,Varva,50.49503,32.71968,GeoNames,PPL,0
890,Babinovetskii uezd,54.8351,30.5725,seat,ADM2,0
396,Liubavichi,54.83071,30.9563,GeoNames,PPL,0
83,Belaia Kolp',56.09183,35.66459,GeoNames,PPL,0
354,Krolevets,51.54775,33.38475,GeoNames,PPL,0
422,Mena,51.5217,32.21568,GeoNames,PPL,0
615,Sebezh,56.29546,28.46538,GeoNames,PPL,0
486,Okvadskaia,62.20319,50.26164,GeoNames,PPL,0
950,Sviazhskii uezd,55.77329,48.66051,seat,ADM2,0
612,Sviazhsk,55.77329,48.66051,GeoNames,PPL,0
964,Atkarskii uezd,51.87185,45.00775,seat,ADM2,0
27,Atkarsk,51.87185,45.00775,GeoNames,PPL,0
93,Belynichi,,,,PPL,0
1027,Shuiskii uezd,56.84865,41.38833,seat,ADM2,0
787,Shuia,56.84865,41.38833,GeoNames,PPL,0
494,Onofrievo,55.8503,36.51055,GeoNames,PPL,0
304,Kobyliak,,,,PPL,0
123,Voronezh,51.671667,39.210556,GeoNames,PPL,0
776,Sharapavo,,,,PPL,0
698,Troitsk,54.09013,43.82312,GeoNames,PPL,0
76,Budich',,,,PPL,0
1028,Romenskii uezd,50.75104,33.47471,seat,ADM2,0
584,Romen,50.94679,33.198877,GeoNames,PPL,0
933,Mstislavskii uezd,54.0185,31.7217,seat,ADM2,0
451,Mstislavl',54.0185,31.7217,GeoNames,PPL,0
384,Liskoi,,,,PPL,0
413,Maslovichi,,,,PPL,0
493,Omel'nik,49.20765,33.54568,GeoNames,PPL,0
770,"Chigirin""-Dubrova",49.28333,32.91667,GeoNames,PPL,0
375,Lebedin,50.58518,34.4849,GeoNames,PPL,0
263,Istalena,56.5,27.85,GeoNames,PPL,0
351,Krivonavolotskaia,63.962,47.1155,GeoNames,PPL,0
764,Chernigov,51.50551,31.28488,GeoNames,PPL,0
624,Serevka,,,,PPL,0
683,Teplogorskaia Bogoroditskaia,,,,PPL,0
519,Perekopets,,,,PPL,0
165,Gorki,54.2862,30.9863,GeoNames,PPL,0
196,Donkov,53.25155,39.15553,GeoNames,PPL,0
281,Kitaiskoi,,,,PPL,0
1012,Koz'modem'ianskii uezd,56.3419,46.56353,seat,ADM2,0
546,Pokrovskoe,,,,PPL,0
1129,Pudozhskii uezd,61.80415,36.5277,seat,ADM2,0
565,Pudoga,61.80415,36.5277,GeoNames,PPL,0
164,Goritsy,57.15,36.73028,GeoNames,PPL,0
899,Vereiskii uezd,55.34472,36.17194,seat,ADM2,0
107,Vereia,55.34472,36.17194,GeoNames,PPL,0
82,Bezhetsk,57.78506,36.69651,GeoNames,PPL,0
580,Rogachevo,,,,PPL,0
994,Kromskii uezd,52.68762,35.76665,seat,ADM2,0
355,Kromy,52.68762,35.76665,GeoNames,PPL,0
269,Kazanskoi Bogoroditskoi,,,,PPL,0
670,Sumskaia Vorozhba,50.70554,34.64263,GeoNames,PPL,0
533,Pechenegi,49.87167,36.93472,GeoNames,PPL,0
651,Spirovo,,,,PPL,0
986,Zolotonoshskii uezd,49.66832,32.04047,seat,ADM2,0
239,Zolotonosha,49.66832,32.04047,GeoNames,PPL,0
1060,Sudzhanskii uezd,51.1976,35.2726,seat,ADM2,0
668,Sudzha,51.1976,35.2726,GeoNames,PPL,0
488,Olekminsk,60.3743,120.4203,GeoNames,PPL,0
1017,Tsarevokokshaiskii uezd,56.63877,47.89078,seat,ADM2,0
614,Sviatoe Mesto,,,,PPL,0
579,Rogachev,53.0934,30.0495,GeoNames,PPL,0
898,Venevskii uezd,54.35533,38.26843,seat,ADM2,0
104,Venev,54.35533,38.26843,GeoNames,PPL,0
531,Petroma,,,,PPL,0
215,Elimskoi,,,,PPL,0
1033,Medynskii uezd,54.96917,35.85861,seat,ADM2,0
421,Medyn',54.96917,35.85861,GeoNames,PPL,0
1047,Petrovskii uezd,52.30639,45.39167,seat,ADM2,0
527,Petrovsk,52.30639,45.39167,GeoNames,PPL,0
535,Pisarevka,,,,PPL,0
106,Veprik,50.67765,31.62219,GeoNames,PPL,0
974,Vol'marskii uezd,57.54108,25.42751,seat,ADM2,0
115,Volmar,57.54108,25.42751,GeoNames,PPL,0
136,Vyshgorod,,,,PPL,0
672,Sukhari,53.9581,30.7045,GeoNames,PPL,0
558,Prezma,56.40132,27.1325,GeoNames,PPL,0
566,Pupki,56.96667,41.35,GeoNames,PPL,0
279,Karpovka,,,,PPL,0
1094,Timskii uezd,51.62222,37.12444,seat,ADM2,0
687,Tim,51.62222,37.12444,GeoNames,PPL,0
588,Ruzhnoe,52.962,34.76467,GeoNames,PPL,0
1071,Khersonskii uezd,46.65581,32.6178,seat,ADM2,0
738,Kherson,46.65581,32.6178,GeoNames,PPL,0
599,Savin Storozhevskii,,,,PPL,0
21,Artemonovka,,,,PPL,0
777,Shartolinskoi Nikolaevskoi,56.96434,41.32964,GeoNames,PPL,0
992,Krasnoborskii uezd,61.55978,45.93396,seat,ADM2,0
337,Krasnoborsk,61.55978,45.93396,GeoNames,PPL,0
145,Gadiach',50.37112,33.99099,GeoNames,PPL,0
439,Molvitino,58.14881,41.59483,GeoNames,PPL,0
113,Voevodskoe,53.97332,45.26166,GeoNames,PPL,0
879,Tverskii uezd,56.857828,35.921928,seat,ADM2,0
680,Tver',56.857828,35.921928,GeoNames,PPL,0
156,Glushitskoi,52.16167,50.42343,GeoNames,PPL,0
47,Bobrovitsa,50.74693,31.3948,GeoNames,PPL,0
243,Ivanovka,,,,PPL,0
227,Zhovnin,49.38091,32.68108,GeoNames,PPL,0
505,Oster,50.9506,30.88229,GeoNames,PPL,0
932,Mozhaiskii uezd,55.50194,36.02722,seat,ADM2,0
170,Gorodok,,,,PPL,0
1037,Mosal'skii uezd,54.48806,34.98167,seat,ADM2,0
445,Mosal'sk,54.48806,34.98167,GeoNames,PPL,0
338,Krasnogorskaia,,,,PPL,0
525,Petrovki,,,,PPL,0
604,Saransk,54.1838,45.1749,GeoNames,PPL,0
1100,Kniagininskii uezd,55.82278,45.03489,seat,ADM2,0
302,Kniaginin,55.82278,45.03489,GeoNames,PPL,0
144,Gagarino,,,,PPL,0
929,Mezenskii uezd,65.8401,44.2542,seat,ADM2,0
99,Vashka,64.8827,45.7464,GeoNames,PPL,0
130,Vyborg,60.709167,28.744167,GeoNames,PPL,0
1045,Ostrogozhskii uezd,50.8664,39.07561,seat,ADM2,0
509,Ostrogozhsk,50.8664,39.07561,GeoNames,PPL,0
1040,Myshkinskii uezd,57.78973,38.45448,seat,ADM2,0
458,Myshkin,57.78973,38.45448,GeoNames,PPL,0
45,Birzha,56.4063,25.77221,GeoNames,PPL,0
3,Avdulovo,53.29975,38.6293,GeoNames,PPL,0
345,Krasnopol'e,50.77458,35.25965,GeoNames,PPL,0
147,Gatnitsy,,,,PPL,0
744,Khoten',51.08113,34.77089,GeoNames,PPL,0
221,Erementsovo,,,,PPL,0
1019,Porkhovskii uezd,57.76502,29.55612,seat,ADM2,0
638,Slol'tsa Kolesnaia,,,,PPL,0
773,Chukhloma,58.75375,42.68318,GeoNames,PPL,0
947,Rostovskii uezd,57.1914,39.41394,seat,ADM2,0
102,Velikoe,57.35072,39.77492,GeoNames,PPL,0
212,Ekaterininskaia,,,,PPL,0
438,Mozhaisk,55.50194,36.02722,GeoNames,PPL,0
357,Kryleevo,,,,PPL,0
934,Narovchatovskii uezd,53.87654,43.69458,seat,ADM2,0
333,Kochelaevo,54.01948,44.04707,GeoNames,PPL,0
389,Lubny,50.01625,32.99694,GeoNames,PPL,0
693,Tobol'sk,58.195278,68.258056,GeoNames,PPL,0
667,Sudai,58.97754,43.13026,GeoNames,PPL,0
682,Tengusheva,54.76861,42.71889,GeoNames,PPL,0
1025,Povenetskii uezd,62.8487,34.82621,seat,ADM2,0
786,Shungskoi,,,,PPL,0
356,Krylov,49.04894,33.24106,GeoNames,PPL,0
98,Barkov,,,,PPL,0
265,Iosifov,,,,PPL,0
769,Chechersk,52.9164,30.9179,GeoNames,PPL,0
427,Miloslavichi,53.6882,32.253,GeoNames,PPL,0
585,Ropsk,,,,PPL,0
1084,Porechenskii uezd,55.31192,31.27662,seat,ADM2,0
552,Porech'e,55.31192,31.27662,GeoNames,PPL,0
1104,Chern'skii uezd,53.45232,36.9145,seat,ADM2,0
767,Chern',53.45232,36.9145,GeoNames,PPL,0
1069,Fellinskii uezd,58.36389,25.59,seat,ADM2,0
729,Fellin,58.36389,25.59,GeoNames,PPL,0
267,Kadin,,,,PPL,0
926,Livenskii uezd,52.42534,37.60689,seat,ADM2,0
379,Livny,52.42534,37.60689,GeoNames,PPL,0
1013,Voskresenskii uezd,55.91997,36.86867,seat,ADM2,0
127,Voskresensk,55.91997,36.86867,GeoNames,PPL,0
856,Astrakhanskii uezd,46.323611,48.036667,seat,ADM2,0
815,Kavkazskoe Namestnichestvo,46.323611,48.036667,seat,ADM1,0
25,Astrakhan',46.323611,48.036667,GeoNames,PPL,0
677,Tarnianskoi,,,,PPL,0
1073,Chuguevskii uezd,49.83588,36.68803,seat,ADM2,0
771,Chuguev,49.83588,36.68803,GeoNames,PPL,0
913,Kasimovskii uezd,54.94111,41.39528,seat,ADM2,0
220,Erakhtura,54.70083,41.135,GeoNames,PPL,0
730,Florishcheva,,,,PPL,0
330,Kostiukovichi,,,,PPL,0
1072,Cherepovetskii uezd,59.13333,37.9,seat,ADM2,0
760,Cherepovets,59.13333,37.9,GeoNames,PPL,0
749,Tsevlia,,,,PPL,0
650,Spaskoe,57.761175,40.453412,GeoNames,PPL,0
1020,Kurmyshskii uezd,55.83336,46.07337,seat,ADM2,0
783,Shokino,,,,PPL,0
274,Kamyshnia,50.18359,33.68269,GeoNames,PPL,0
459,Miagkoe,,,,PPL,0
112,Viliuiskoe Verkhnee,63.74683,121.63339,GeoNames,PPL,0
159,Gogolev,50.51864,31.02241,GeoNames,PPL,0
975,Viaznikovskii uezd,56.24057,42.15563,seat,ADM2,0
140,Viazniki,56.24057,42.15563,GeoNames,PPL,0
506,Ostram'evo,54.756,39.13893,GeoNames,PPL,0
1081,Bel'skii uezd,55.848054,32.92948,seat,ADM2,0
89,Beloi,55.848054,32.92948,GeoNames,PPL,0
24,Asakovo,,,,PPL,0
793,Iagotin,50.27975,31.76246,GeoNames,PPL,0
254,Izmailovo,,,,PPL,0
1088,Mologskii uezd,58.172519,38.57269,seat,ADM2,0
440,Mologa,58.199722,38.441111,GeoNames,PPL,0
852,Vyborgskii uezd,60.709167,28.744167,seat,ADM2,0
374,Lapstrand,,,,PPL,0
303,Kobyzcha,50.82854,31.50439,GeoNames,PPL,0
152,Glemiazov,,,,PPL,0
4,Avzhenskaia,59.31898,40.788665,GeoNames,PPL,0
491,Ol'khovatka,50.72917,37.75264,GeoNames,PPL,0
660,Staroi Bykhov,53.521,30.2454,GeoNames,PPL,0
116,Volodimerets,57.378889,29.166389,GeoNames,PPL,0
861,Kurskii uezd,51.716667,36.183333,seat,ADM2,0
324,Korennaia,,,,PPL,0
250,Ivanovtsy,48.91123,32.71541,GeoNames,PPL,0
766,Chernukhi,50.26732,32.94196,GeoNames,PPL,0
789,Iunakovka,51.12215,35.04061,GeoNames,PPL,0
609,Sverzhin,53.1331,30.3222,GeoNames,PPL,0
713,Uzel',,,,PPL,0
1106,Pronskii uezd,54.1048,39.6092,seat,ADM2,0
561,Pronsk,54.1048,39.6092,GeoNames,PPL,0
35,Baturin,51.34567,32.87794,GeoNames,PPL,0
468,Nerekhta,57.45881,40.57471,GeoNames,PPL,0
96,Valuiki,50.2035,38.1067,GeoNames,PPL,0
86,Beloe,,,,PPL,0
536,Pistsovo,,,,PPL,0
600,Savinitsy,,,,PPL,0
1115,Berezovskii uezd,63.93806,65.04194,seat,ADM2,0
40,Berezov,63.93806,65.04194,GeoNames,PPL,0
248,Ivanovskoe,55.92667,36.95972,GeoNames,PPL,0
570,Piatnitskoe,,,,PPL,0
188,Derkul,,,,PPL,0
310,Kozel'sk,54.03746,35.77159,GeoNames,PPL,0
495,Opochka,56.71048,28.66174,GeoNames,PPL,0
626,Sereda Stratilatskaia,55.89722,35.50263,GeoNames,PPL,0
30,Balakleev,,,,PPL,0
569,Pusha,56.23333,27.21667,GeoNames,PPL,0
854,Ekaterinoslavskii uezd,48.466601,35.018155,seat,ADM2,0
297,Kishen'ka,48.89395,34.10604,GeoNames,PPL,0
630,Sim,,,,PPL,0
350,Kresttsy,58.2452,32.51647,GeoNames,PPL,0
418,Maiachka,,,,PPL,0
185,Deimanovka,50.214,32.62939,GeoNames,PPL,0
983,Zhizdrinskii uezd,53.74596,34.73951,seat,ADM2,0
226,Zhizdra,53.74596,34.73951,GeoNames,PPL,0
406,Malino,55.11195,38.17384,GeoNames,PPL,0
865,Novogorod - Severskii uezd,51.983333,33.266667,seat,ADM2,0
36,Bakhmach',,,,PPL,0
301,Kliuchevskaia,,,,PPL,0
798,Iampol',51.94765,33.78759,GeoNames,PPL,0
754,Chasovnia Sv. Dukha,,,,PPL,0
124,Voronezh,51.77572,33.45944,GeoNames,PPL,0
897,Velikolutskii uezd,56.34,30.54517,seat,ADM2,0
460,Nabdin,,,,PPL,0
560,Priluki,50.59324,32.38761,GeoNames,PPL,0
1044,Ostashkovskii uezd,57.14667,33.10753,seat,ADM2,0
504,Ostashkov,57.14667,33.10753,GeoNames,PPL,0
908,Epifanskii uezd,53.82526,38.55181,seat,ADM2,0
219,Epifan',53.82526,38.55181,GeoNames,PPL,0
50,Bogatishchebo,,,,PPL,0
128,Vrev,57.20557,28.84938,GeoNames,PPL,0
1034,Meshchovskii uezd,54.32444,35.28083,seat,ADM2,0
425,Meshchovsk,54.32444,35.28083,GeoNames,PPL,0
710,Tiurten',53.13139,38.48336,GeoNames,PPL,0
479,Nezhin,51.04801,31.88688,GeoNames,PPL,0
17,Antonovka,,,,PPL,0
666,Styrnian'i,,,,PPL,0
799,Iamskaia,54.58449,43.57015,GeoNames,PPL,0
437,Mishurin Rog,48.81817,33.94792,GeoNames,PPL,0
513,Parfen'eva,,,,PPL,0
37,Bezginovka,,,,PPL,0
797,Iampol',48.93555,37.95634,GeoNames,PPL,0
517,Perevitskoi Torzhok,,,,PPL,0
363,Kungur,57.4368,56.9593,GeoNames,PPL,0
775,Shamovo,54.1895,31.3557,GeoNames,PPL,0
716,Urazova,50.0836,38.0395,GeoNames,PPL,0
319,Konobeevo,54.04708,41.91224,GeoNames,PPL,0
257,Inzhaven'e,,,,PPL,0
1124,Turukhanskii uezd,65.79479,87.95006,seat,ADM2,0
410,Mangazeia,65.79479,87.95006,GeoNames,PPL,0
12,Alekseevka,49.01808,39.17942,GeoNames,PPL,0
534,Piriatin,50.24242,32.50621,GeoNames,PPL,0
71,Boromdia,50.61838,34.97042,GeoNames,PPL,0
168,Gorodnia,,,,PPL,0
1062,Tarusskii uezd,54.72436,37.17272,seat,ADM2,0
678,Tarusa,54.72436,37.17272,GeoNames,PPL,0
446,Mostki,49.34553,38.47943,GeoNames,PPL,0
313,Kozlovskaia,47.22017,38.35979,GeoNames,PPL,0
68,Borovenki,49.04796,38.56367,GeoNames,PPL,0
1128,Pernovskii uezd,58.38588,24.49711,seat,ADM2,0
524,Pernov,58.38588,24.49711,GeoNames,PPL,0
545,Pokrovskoe,53.35175,38.92026,GeoNames,PPL,0
414,Makhonovo,52.90838,39.7671,GeoNames,PPL,0
1118,Gzhatskii uezd,55.55291,34.99537,seat,ADM2,0
151,Gzhat',55.55291,34.99537,GeoNames,PPL,0
646,Sosnitsa,51.52387,32.49985,GeoNames,PPL,0
656,Staraia Riazan',54.4062,40.4287,GeoNames,PPL,0
480,Ober - Palen,58.6525,25.97056,GeoNames,PPL,0
587,Rubezhnaia,,,,PPL,0
746,Khrushchovo,,,,PPL,0
1558,Starorusskii uezd,57.99439,31.36081,seat,ADM2,0
655,Staraia Ruza,57.99439,31.36081,GeoNames,PPL,0
198,Dritsany,56.65231,27.18335,GeoNames,PPL,0
155,Glukhov,51.67822,33.9162,GeoNames,PPL,0
990,Kotel'nichskii uezd,58.3089,48.348,seat,ADM2,0
332,Kotel'nich',58.3089,48.348,GeoNames,PPL,0
321,Konstantinovo,50.85126,33.7971,GeoNames,PPL,0
114,Voznesenskoi,56.13119,42.45036,GeoNames,PPL,0
875,Saratovskii uezd,51.533333,46.0,seat,ADM2,0
39,Berezniki,51.74309,46.6978,GeoNames,PPL,0
180,Gustinovo,,,,PPL,0
74,Bronnitsy,,,,PPL,0
1064,Toropetskii uezd,56.49779,31.63528,seat,ADM2,0
696,Toropets,56.49779,31.63528,GeoNames,PPL,0
450,Mrin,51.05368,31.55242,GeoNames,PPL,0
378,Lezhnevo,56.77508,40.89174,GeoNames,PPL,0
204,Dubrovna,54.589107,30.583541,GeoNames,PPL,0
681,Temnikov,54.63023,43.21483,GeoNames,PPL,0
42,Berkunova,56.10966,35.69445,GeoNames,PPL,0
280,Kasimov,54.94111,41.39528,GeoNames,PPL,0
253,Igumnovo,,,,PPL,0
981,El'ninskii uezd,54.57864,33.18373,seat,ADM2,0
217,Elna,54.57864,33.18373,GeoNames,PPL,0
518,Perevolochna,48.89004,34.06931,GeoNames,PPL,0
166,Gorodishche,,,,PPL,0
704,Tuglinskaia,,,,PPL,0
72,Boriatino,54.34461,35.55015,GeoNames,PPL,0
452,Muratova,,,,PPL,0
512,Parskoe,57.01225,41.71092,GeoNames,PPL,0
735,Khatoml',,,,PPL,0
1099,Lukoianovskii uezd,55.02772,44.47865,seat,ADM2,0
392,Lukoianov,55.02772,44.47865,GeoNames,PPL,0
676,Tambov,52.716667,41.433333,GeoNames,PPL,0
209,Dedilov,,,,PPL,0
690,Tikhonova,,,,PPL,0
241,Zubtsov,56.17534,34.58935,GeoNames,PPL,0
679,Tatarsk,,,,PPL,0
268,Kadom,54.55917,42.4675,GeoNames,PPL,0
573,Ratkovka,49.75083,37.59472,GeoNames,PPL,0
273,Kamenka,49.97964,37.83107,GeoNames,PPL,0
208,Dushatin,53.06666,32.27371,GeoNames,PPL,0
522,Pereiaslavl',50.08768,31.4795,GeoNames,PPL,0
477,Nosovka,50.93152,31.58282,GeoNames,PPL,0
118,Volokopinezhskaia,,,,PPL,0
502,Oskino,,,,PPL,0
393,Lukh,57.01242,42.25838,GeoNames,PPL,0
541,Pogar',52.55399,33.25907,GeoNames,PPL,0
739,Khovan',55.99746,35.50309,GeoNames,PPL,0
1078,Shadrinskii uezd,56.0852,63.6335,seat,ADM2,0
774,Shadrinsk,56.0852,63.6335,GeoNames,PPL,0
402,Makalovo,54.41735,45.55009,GeoNames,PPL,0
1046,Peremyshl'skii uezd,54.26313,36.16063,seat,ADM2,0
520,Peremyshl',54.26313,36.16063,GeoNames,PPL,0
65,Borisoglebsk,51.36713,42.08494,GeoNames,PPL,0
129,Vybor,57.22716,29.1663,GeoNames,PPL,0
372,Laknovat',,,,PPL,0
999,Likhvinskii uezd,54.09685,36.24499,seat,ADM2,0
385,Likhvin,54.09685,36.24499,GeoNames,PPL,0
1041,Nedrigailovskii uezd,50.83398,33.87626,seat,ADM2,0
466,Nedrigailov,50.83398,33.87626,GeoNames,PPL,0
306,Kovymskoe,68.72942,158.70193,GeoNames,PPL,0
714,Ulom,,,,PPL,0
596,Repki,51.80105,31.08383,GeoNames,PPL,0
1132,Soligalichskii uezd,59.0796,42.28526,seat,ADM2,0
643,Sol'-Galitskaia,59.0796,42.28526,GeoNames,PPL,0
63,Borisov,55.429097,36.015939,GeoNames,PPL,0
322,Konstantinovskoe,,,,PPL,0
665,Strelitsa,,,,PPL,0
401,Liaudera,,,,PPL,0
399,Liutenka,50.21084,34.0367,GeoNames,PPL,0
369,Ladoga Novaia,60.10246,32.30191,GeoNames,PPL,0
1074,Iadrinskii uezd,55.94052,46.20622,seat,ADM2,0
794,Iadrin,55.94052,46.20622,GeoNames,PPL,0
720,Ustivitsa,49.86076,33.80293,GeoNames,PPL,0
719,Uspenskoi,53.06317,38.24691,GeoNames,PPL,0
747,Tsarev Borisov,,,,PPL,0
119,Volsk,52.04541,47.37993,GeoNames,PPL,0
1070,Khvalynskii uezd,52.4906,48.1058,seat,ADM2,0
737,Khvalynsk,52.4906,48.1058,GeoNames,PPL,0
1097,Kirsanovskii uezd,52.65494,42.72236,seat,ADM2,0
293,Kirsanov,52.65494,42.72236,GeoNames,PPL,0
229,Zadushnoe,52.98556,36.98756,GeoNames,PPL,0
426,Mizhirich',,,,PPL,0
292,Kiriloeo,,,,PPL,0
980,Elatomskii uezd,54.9675,41.75083,seat,ADM2,0
213,Elatma,54.9675,41.75083,GeoNames,PPL,0
686,Teshevskoi,,,,PPL,0
487,Okunevsk,,,,PPL,0
317,Komel'sk Korniliev,58.88333,40.25000,GeoNames,PPL,0
181,Dagda,56.09512,27.53723,GeoNames,PPL,0
551,Ponornitsa,51.72622,32.85255,GeoNames,PPL,0
390,Luzhki,,,,PPL,0
1087,Gorodnianskii uezd,51.89085,31.59741,seat,ADM2,0
169,Gorodnia,51.89085,31.59741,GeoNames,PPL,0
91,Belopol'e,51.15016,34.31287,GeoNames,PPL,0
309,Kozelets,50.91334,31.1214,GeoNames,PPL,0
571,Piatnitskoe,54.30443,37.34742,GeoNames,PPL,0
763,Chernavsk,,,,PPL,0
416,Mashev,52.08645,32.79984,GeoNames,PPL,0
664,Stoiantsy,56.98333,36.81667,GeoNames,PPL,0
370,Lazovitsa,53.5617,32.0163,GeoNames,PPL,0
1137,Dalmatovskii uezd,56.26,62.9362,seat,ADM2,0
183,Dalmatov,56.26,62.9362,GeoNames,PPL,0
633,Sinskoi,,,,PPL,0
184,Dvurechnaia,49.85019,37.68262,GeoNames,PPL,0
434,Mikhailovka,,,,PPL,0
1076,Podol'skii uezd,55.42418,37.55472,seat,ADM2,0
544,Podol,55.42418,37.55472,GeoNames,PPL,0
14,Aleshnia,,,,PPL,0
564,Pskov,57.8136,28.3496,GeoNames,PPL,0
1119,Elisavetgradskii uezd,48.5132,32.2597,seat,ADM2,0
216,"Elisavet""-Grad",48.5132,32.2597,GeoNames,PPL,0
1131,Rezhitskii uezd,56.5,27.31667,seat,ADM2,0
595,Rezytsy,56.5,27.31667,GeoNames,PPL,0
283,Kemary,,,,PPL,0
725,Utvymskaia,,,,PPL,0
538,Ploskoe,53.0502,37.63101,GeoNames,PPL,0
1123,Maloiaroslavetskii uezd,55.01457,36.47185,seat,ADM2,0
408,Maloi Iaroslavets,55.01457,36.47185,GeoNames,PPL,0
353,Krizhburg,,,,PPL,0
548,Pokrovskoe,,,,PPL,0
150,Germanova,,,,PPL,0
796,Iakutsk,62.03389,129.73306,GeoNames,PPL,0
1080,Tsyvil'skii uezd,55.737351,47.668387,seat,ADM2,0
752,Tsyvil'sk,55.737351,47.668387,GeoNames,PPL,0
636,Slavgorodka,,,,PPL,0
1024,Nerchinskii uezd,51.98333,116.58333,seat,ADM2,0
750,Tsurukhataevskoi,,,,PPL,0
79,Buchalki,53.7559,38.77664,GeoNames,PPL,0
366,Kur'ianovo,,,,PPL,0
657,Starinskoe,55.60512,45.69645,GeoNames,PPL,0
712,Uda,,,,PPL,0
453,Murzynka,,,,PPL,0
294,Kister,52.40773,33.10627,GeoNames,PPL,0
122,Vol'naia,,,,PPL,0
66,Borisoglebskoi,57.2586,39.1508,GeoNames,PPL,0
32,Baryshevka,50.36098,31.32173,GeoNames,PPL,0
199,Dubetskoi,,,,PPL,0
968,Bronnitskii uezd,55.42112,38.26188,seat,ADM2,0
73,Bronnitsy,55.42112,38.26188,GeoNames,PPL,0
329,Kostroma,57.766667,40.933333,GeoNames,PPL,0
242,Ivangorod,,,,PPL,0
469,Nesterovskoi,,,,PPL,0
187,Dergachi,,,,PPL,0
348,Kremenchug,49.06802,33.42041,GeoNames,PPL,0
801,Iarensk,62.16755,49.09162,GeoNames,PPL,0
55,Bogoroditsk,54.49442,37.47088,GeoNames,PPL,0
323,Koprino,,,,PPL,0
997,Lal'skii uezd,60.74146,47.58617,seat,ADM2,0
373,Lal'sk,60.74146,47.58617,GeoNames,PPL,0
578,Riga,56.946,24.10589,GeoNames,PPL,0
1029,Bogoroditskii uezd,53.77166,38.12408,seat,ADM2,0
54,Bogoroditsk,53.77166,38.12408,GeoNames,PPL,0
11,Aleksin,54.50503,37.0674,GeoNames,PPL,0
387,Lotsshino,56.23489,35.64273,GeoNames,PPL,0
252,Igrishchi,,,,PPL,0
87,Belozersk,60.0288,37.8084,GeoNames,PPL,0
1079,Spaskii uezd,54.06635,43.013525,seat,ADM2,0
649,Spask,54.06635,43.013525,GeoNames,PPL,0
873,Rizhskii uezd,56.9475,24.106944,seat,ADM2,0
727,Ukholovo,,,,PPL,0
237,Zmeeve,,,,PPL,0
435,Mikhailovka,,,,PPL,0
391,Lukomlia,,,,PPL,0
1059,Stavropol'skii uezd,53.5303,49.3461,seat,ADM2,0
653,Stavropol',53.5303,49.3461,GeoNames,PPL,0
603,Sapozhok,53.94194,40.68056,GeoNames,PPL,0
962,Iur'evtskii uezd,57.32007,43.1041,seat,ADM2,0
287,Kideshkino,,,,PPL,0
736,Khaiacha,,,,PPL,0
984,Zashiverskii uezd,67.45,142.61667,seat,ADM2,0
233,Zashiversk,67.45,142.61667,GeoNames,PPL,0
60,Boinia,,,,PPL,0
6,Adovatovo,,,,PPL,0
751,Tsybulev,,,,PPL,0
482,Obrub,56.65394,32.33557,GeoNames,PPL,0
299,Kiata,,,,PPL,0
272,Kamenets,,,,PPL,0
640,Smeloe,50.92601,33.58499,GeoNames,PPL,0
673,Syzran',53.1585,48.4681,GeoNames,PPL,0
1056,Serpeiskii uezd,54.33583,34.98889,seat,ADM2,0
628,Serpeisk,54.33583,34.98889,GeoNames,PPL,0
9,Aleksandrova Pustynia,57.8529,38.9948,GeoNames,PPL,0
1052,Riazhskii uezd,53.7038,40.1109,seat,ADM2,0
597,Riazhsk,53.7038,40.1109,GeoNames,PPL,0
862,Mogilevskii uezd,53.916667,30.35,seat,ADM2,0
782,Shklov,54.2131,30.2877,GeoNames,PPL,0
991,Krapivenskii uezd,53.94234,37.15744,seat,ADM2,0
335,Krapivna,53.94234,37.15744,GeoNames,PPL,0
33,Basan',,,,PPL,0
22,Arkhangel'sk,64.533333,40.533333,GeoNames,PPL,0
275,Karasu - Bazar,45.05462,34.60185,GeoNames,PPL,0
29,Baevka,,,,PPL,0
592,Ryzhkovo,,,,PPL,0
403,Makarovo,,,,PPL,0
1063,Tikhvinskii uezd,59.64511,33.52937,seat,ADM2,0
689,Tikhvin,59.64511,33.52937,GeoNames,PPL,0
1095,Shchigrovskii uezd,51.87555,36.90432,seat,ADM2,0
788,Shchigry,51.87555,36.90432,GeoNames,PPL,0
286,Kesova Gora,57.58361,37.29222,GeoNames,PPL,0
721,Ust'e,59.63043,39.73596,GeoNames,PPL,0
792,Iablunov,,,,PPL,0
367,Lada,,,,PPL,0
19,Argamach'ia,,,,PPL,0
462,Narovchat,53.87654,43.69458,GeoNames,PPL,0
44,Biliarsk,54.98358,50.38671,GeoNames,PPL,0
125,Voronkov,50.22235,30.89967,GeoNames,PPL,0
449,Mosheika,,,,PPL,0
762,Cherliankovo,55.94724,35.48094,GeoNames,PPL,0
59,Bogoiavlenskaia,,,,PPL,0
177,Grun',,,,PPL,0
1053,Sergachskii uezd,55.53079,45.46611,seat,ADM2,0
621,Sergach',55.53079,45.46611,GeoNames,PPL,0
192,Dmitrovka,,,,PPL,0
251,Ivitsa,,,,PPL,0
175,Gremiach',52.33909,33.28758,GeoNames,PPL,0
478,Nuromskoi,58.73159,40.37305,GeoNames,PPL,0
1126,Neishlotskii uezd,61.8699,28.87999,seat,ADM2,0
467,Neishlot,61.8699,28.87999,GeoNames,PPL,0
1102,Sem—ënovskii uezd,56.78749,44.49297,seat,ADM2,0
618,Semenov,56.78749,44.49297,GeoNames,PPL,0
464,Nevel',56.02094,29.92844,GeoNames,PPL,0
575,Rashevka,50.22562,33.88896,GeoNames,PPL,0
768,Cherneev Nikolaevskoi,,,,PPL,0
178,Griaznoe,54.0418,39.1179,GeoNames,PPL,0
699,Troitskaia,62.3598,44.0139,GeoNames,PPL,0
214,Elets,52.62366,38.50169,GeoNames,PPL,0
179,Griazovets,58.88,40.2525,GeoNames,PPL,0
586,Rostov,57.1914,39.41394,GeoNames,PPL,0
795,Iazykovo,,,,PPL,0
563,Protopopova,52.92251,36.46653,GeoNames,PPL,0
1092,Dorogobuzhskii uezd,55.11667,33.25,seat,ADM2,0
197,Dorogobuzh,55.11667,33.25,GeoNames,PPL,0
336,Krapivna,49.63637,32.16478,GeoNames,PPL,0
617,Semendeevo,,,,PPL,0
978,Gorbatovskii uezd,56.1311,43.06363,seat,ADM2,0
163,Gorbatov,56.1311,43.06363,GeoNames,PPL,0
262,Isetskaia,,,,PPL,0
700,Troitskaia Sergieva,,,,PPL,0
772,Chupakhovka,50.3766,34.58107,GeoNames,PPL,0
424,Mekhonskoi,,,,PPL,0
553,Porech'e,,,,PPL,0
498,Orenburg,51.7727,55.0988,GeoNames,PPL,0
386,Lopotov,60.5074,48.1412,GeoNames,PPL,0
1138,Khot'myshskii uezd,50.59417,35.86306,seat,ADM2,0
745,Khot'myshsk,50.59417,35.86306,GeoNames,PPL,0
694,Tomarovka,50.68338,36.23309,GeoNames,PPL,0
285,Kesme,,,,PPL,0
753,Chasovnia Apostola Fomy,,,,PPL,0
365,Kuren'ki,50.21186,32.74462,GeoNames,PPL,0
757,Chenbar,52.96474,43.41647,GeoNames,PPL,0
539,Plokhona,,,,PPL,0
998,Lipetskii uezd,52.60311,39.57076,seat,ADM2,0
381,Lipetsk,52.60311,39.57076,GeoNames,PPL,0
1038,Muromskii uezd,55.575,42.0426,seat,ADM2,0
455,Murom,55.575,42.0426,GeoNames,PPL,0
202,Dubrovki,,,,PPL,0
307,Kodinskoe,,,,PPL,0
1036,Morshanskii uezd,53.44354,41.81065,seat,ADM2,0
444,Morshansk,53.44354,41.81065,GeoNames,PPL,0
360,Kudarinskaia,50.19889,107.04306,GeoNames,PPL,0
109,Verkhovazhskoi,60.74717,42.04652,GeoNames,PPL,0
501,Orekhovka,,,,PPL,0
298,Kiasovka,,,,PPL,0
645,Sorochintsy,,,,PPL,0
61,Bora,,,,PPL,0
717,Ural'sk,51.23333,51.36667,GeoNames,PPL,0
206,Dunilovo,,,,PPL,0
134,Vychuga,,,,PPL,0
57,Bogorodsk,55.85,38.45,GeoNames,PPL,0
1065,Uglichskii uezd,57.5275,38.33167,seat,ADM2,0
711,Uglich,57.5275,38.33167,GeoNames,PPL,0
471,Novoi Mirgorod,48.78105,31.64204,GeoNames,PPL,0
347,Kremennoi,,,,PPL,0
409,Malykova,,,,PPL,0
194,Dobraia,52.73333,37.7,GeoNames,PPL,0
78,Buromka,,,,PPL,0
741,Khomuttsy,,,,PPL,0
171,Gorokhovets,56.20152,42.69351,GeoNames,PPL,0
282,Kashin,57.35917,37.60806,GeoNames,PPL,0
146,Galiani,56.477,26.83943,GeoNames,PPL,0
255,Izium,49.20875,37.24848,GeoNames,PPL,0
232,Zarubino,,,,PPL,0
688,Tiskady,56.45016,27.05126,GeoNames,PPL,0
246,Ivanovo,,,,PPL,0
296,Kitai - Gorodok,,,,PPL,0
135,Vyshgorod,57.48135,29.62476,GeoNames,PPL,0
442,Monastyrshchina,54.34961,31.83795,GeoNames,PPL,0
540,Povodnevo,,,,PPL,0
358,Kriukov,,,,PPL,0
593,Ryzn,,,,PPL,0
481,Oboian',51.20981,36.27919,GeoNames,PPL,0
339,Krasnoe,,,,PPL,0
547,Pokrovskoe,57.24028,66.79389,GeoNames,PPL,0
341,Krasnoi Koliadin,50.94677,33.03553,GeoNames,PPL,0
49,Bobylevskoe,,,,PPL,0
619,Semenovskoe,57.3252,39.53766,GeoNames,PPL,0
1055,Serdobskii uezd,52.45861,44.21689,seat,ADM2,0
623,Serdobsk,52.45861,44.21689,GeoNames,PPL,0
1098,Pochinkovskii uezd,54.69875,44.86678,seat,ADM2,0
556,Pochinki,54.69875,44.86678,GeoNames,PPL,0
1010,Sennenskii uezd,54.8108,29.7086,seat,ADM2,0
508,Ostrovnia,,,,PPL,0
